<?xml version="1.0" encoding="UTF-8"?>

<channel name="displays" version="1.0">
  <property name="Default" type="empty">
    <property name="LVDS1" type="string" value="Laptop">
      <property name="Active" type="bool" value="true"/>
      <property name="Resolution" type="string" value="1366x768"/>
      <property name="RefreshRate" type="double" value="60.002246"/>
      <property name="Rotation" type="int" value="0"/>
      <property name="Reflection" type="string" value="0"/>
      <property name="Primary" type="bool" value="true"/>
      <property name="Position" type="empty">
        <property name="X" type="int" value="1790"/>
        <property name="Y" type="int" value="1200"/>
      </property>
    </property>
    <property name="VGA1" type="string" value="2. Dell 24&quot;">
      <property name="Active" type="bool" value="true"/>
      <property name="Resolution" type="string" value="1920x1200"/>
      <property name="RefreshRate" type="double" value="59.950171"/>
      <property name="Rotation" type="int" value="0"/>
      <property name="Reflection" type="string" value="0"/>
      <property name="Primary" type="bool" value="false"/>
      <property name="Position" type="empty">
        <property name="X" type="int" value="0"/>
        <property name="Y" type="int" value="0"/>
      </property>
    </property>
    <property name="HDMI1" type="string" value="2. Samsung 7&quot;">
      <property name="Active" type="bool" value="true"/>
      <property name="Resolution" type="string" value="1920x1080"/>
      <property name="RefreshRate" type="double" value="60.000000"/>
      <property name="Rotation" type="int" value="0"/>
      <property name="Reflection" type="string" value="0"/>
      <property name="Primary" type="bool" value="false"/>
      <property name="Position" type="empty">
        <property name="X" type="int" value="1366"/>
        <property name="Y" type="int" value="0"/>
      </property>
    </property>
  </property>
  <property name="Notify" type="bool" value="false"/>
</channel>
