<?xml version="1.0" encoding="UTF-8"?>

<channel name="keyboard-layout" version="1.0">
  <property name="Default" type="empty">
    <property name="XkbDisable" type="bool" value="true"/>
    <property name="XkbLayout" type="string" value="us,nec_vndr/jp"/>
    <property name="XkbVariant" type="string" value=","/>
    <property name="XkbOptions" type="empty">
      <property name="Compose" type="string" value=""/>
      <property name="Group" type="string" value="grp:alts_toggle"/>
    </property>
    <property name="XkbModel" type="string" value="pc104"/>
  </property>
</channel>
