<?xml version="1.0" encoding="UTF-8"?>

<channel name="pointers" version="1.0">
  <property name="SynPS2_Synaptics_TouchPad" type="empty">
    <property name="Properties" type="empty">
      <property name="libinput_Tapping_Enabled" type="int" value="1"/>
      <property name="Device_Enabled" type="int" value="0"/>
    </property>
  </property>
  <property name="Telink_Wireless_Receiver_Consumer_Control" type="empty">
    <property name="RightHanded" type="bool" value="true"/>
    <property name="Threshold" type="int" value="4"/>
    <property name="Acceleration" type="double" value="10.000000"/>
  </property>
  <property name="TPPS2_IBM_TrackPoint" type="empty">
    <property name="Properties" type="empty">
      <property name="Device_Enabled" type="int" value="1"/>
    </property>
  </property>
</channel>
