<?xml version="1.0" encoding="UTF-8"?>

<channel name="xfce4-panel" version="1.0">
  <property name="panels" type="uint" value="1">
    <property name="panel-0" type="empty">
      <property name="position" type="string" value="p=8;x=720;y=884"/>
      <property name="length" type="uint" value="100"/>
      <property name="position-locked" type="bool" value="true"/>
      <property name="plugin-ids" type="array">
        <value type="int" value="1"/>
        <value type="int" value="6"/>
        <value type="int" value="3"/>
        <value type="int" value="7"/>
        <value type="int" value="2"/>
        <value type="int" value="4"/>
        <value type="int" value="5"/>
      </property>
      <property name="role" type="string" value="xfce4-panel-12965750720"/>
      <property name="length-adjust" type="bool" value="true"/>
      <property name="background-style" type="uint" value="0"/>
      <property name="size" type="uint" value="27"/>
      <property name="mode" type="uint" value="0"/>
      <property name="autohide-behavior" type="uint" value="0"/>
      <property name="enter-opacity" type="uint" value="100"/>
      <property name="span-monitors" type="bool" value="false"/>
      <property name="disable-struts" type="bool" value="false"/>
      <property name="output-name" type="string" value="Primary"/>
    </property>
  </property>
  <property name="plugins" type="empty">
    <property name="plugin-3" type="string" value="tasklist">
      <property name="grouping" type="uint" value="0"/>
      <property name="show-handle" type="bool" value="false"/>
      <property name="flat-buttons" type="bool" value="false"/>
      <property name="show-labels" type="bool" value="false"/>
      <property name="sort-order" type="uint" value="4"/>
      <property name="window-scrolling" type="bool" value="false"/>
      <property name="include-all-workspaces" type="bool" value="true"/>
    </property>
    <property name="plugin-7" type="string" value="separator">
      <property name="expand" type="bool" value="true"/>
      <property name="style" type="uint" value="1"/>
    </property>
    <property name="plugin-9" type="string" value="pulseaudio">
      <property name="enable-keyboard-shortcuts" type="bool" value="true"/>
    </property>
    <property name="plugin-8" type="string" value="whiskermenu"/>
    <property name="plugin-5" type="string" value="clock">
      <property name="mode" type="uint" value="2"/>
    </property>
    <property name="plugin-1" type="string" value="whiskermenu"/>
    <property name="plugin-4" type="string" value="systray">
      <property name="names-visible" type="array">
        <value type="string" value="slack"/>
        <value type="string" value="xfce4-power-manager"/>
        <value type="string" value="networkmanager applet"/>
        <value type="string" value="scp-dbus-service.py"/>
        <value type="string" value="thunar"/>
      </property>
    </property>
    <property name="plugin-6" type="string" value="separator">
      <property name="expand" type="bool" value="true"/>
      <property name="style" type="uint" value="1"/>
    </property>
    <property name="plugin-2" type="string" value="pulseaudio">
      <property name="enable-keyboard-shortcuts" type="bool" value="true"/>
      <property name="mpris-players" type="string" value="spotify"/>
    </property>
  </property>
  <property name="configver" type="int" value="2"/>
</channel>
